Order ID,Item Category,Quantity,Supplier Experience (Years),Urgency (Days to Delivery),Negotiation Effort (Hours),Previous Price Paid,Discount Applied (%),Final Purchase Price
1,Software,76,7,6,4.4,14774.78,4.19,14155.72
2,Hardware,100,24,47,8.4,5801.74,5.99,5454.22
3,Stationery,68,15,14,7.8,16072.54,5.14,15246.41
4,Hardware,5,11,60,5.9,19945.03,2.88,19370.61
5,Hardware,37,18,11,9.6,697.52,0.06,697.1
6,Furniture,72,23,39,2.4,17957.58,4.96,17066.88
7,Stationery,92,12,9,1.5,12490.35,2.86,12133.13
8,Stationery,31,6,26,8.6,19470.31,7.35,18039.24
9,Stationery,9,20,16,4.7,9353.69,0.24,9331.24
10,Hardware,51,23,5,8.5,16963.02,5.85,15970.68
11,Software,29,30,57,9.0,1341.64,9.41,1215.39
12,Stationery,78,13,52,1.1,6772.05,1.74,6654.22
13,Hardware,40,20,10,8.9,1433.63,4.72,1365.96
14,Furniture,41,16,50,4.8,19509.33,0.91,19331.8
15,Software,86,18,3,5.3,16357.78,6.26,15333.78
16,Furniture,11,10,13,6.5,17065.69,5.51,16125.37
17,Software,23,28,43,9.3,18765.51,4.07,18001.75
18,Hardware,1,23,49,0.7,1793.56,5.21,1700.12
19,Electronics,46,8,30,5.0,7773.39,8.97,7076.12
20,Software,21,18,54,7.0,1513.59,1.96,1483.92
21,Furniture,90,21,45,7.4,4294.78,0.23,4284.9
22,Hardware,36,1,6,7.1,4664.38,8.62,4262.31
23,Software,54,23,17,1.8,9435.23,5.77,8890.82
24,Electronics,87,8,59,3.3,5444.39,8.91,4959.29
25,Electronics,57,29,45,3.9,2109.46,5.97,1983.53
26,Stationery,1,6,51,8.1,3433.07,8.1,3154.99
27,Stationery,63,5,53,3.1,3030.78,4.3,2900.46
28,Furniture,54,15,19,2.5,19464.23,7.5,18004.41
29,Software,55,22,42,9.6,15209.92,9.13,13821.25
30,Software,40,15,35,0.6,19358.45,5.72,18251.15
31,Stationery,15,2,46,10.0,8850.84,1.81,8690.64
32,Software,21,1,26,6.9,5639.53,2.69,5487.83
33,Software,47,23,51,8.4,15986.03,1.99,15667.91
34,Electronics,73,23,5,3.3,6592.45,2.47,6429.62
35,Stationery,53,26,29,0.6,6057.73,3.06,5872.36
36,Hardware,9,11,37,7.5,4726.87,5.55,4464.53
37,Stationery,74,10,20,8.4,2680.61,5.88,2522.99
38,Hardware,52,30,49,7.5,5203.61,4.26,4981.94
39,Electronics,57,18,21,1.9,7170.86,6.15,6729.85
40,Furniture,26,18,10,7.7,13512.48,0.82,13401.68
41,Software,41,17,5,7.8,1345.04,0.88,1333.2
42,Electronics,35,26,36,6.8,4289.09,1.72,4215.32
43,Software,63,8,6,7.8,16199.57,5.18,15360.43
44,Furniture,25,15,26,8.5,3023.75,2.14,2959.04
45,Furniture,90,8,4,6.3,6918.64,2.83,6722.84
46,Electronics,75,17,39,1.3,17306.71,4.0,16614.44
47,Furniture,38,12,39,5.1,3183.01,8.12,2924.55
48,Hardware,2,27,50,1.2,1746.46,0.14,1744.01
49,Furniture,7,8,35,4.4,9742.31,6.49,9110.03
50,Software,82,25,1,4.4,6118.15,6.69,5708.85
51,Software,91,14,24,1.1,11311.83,7.99,10408.01
52,Software,34,4,57,3.8,16095.72,9.33,14593.99
53,Software,91,1,36,1.6,2829.25,0.2,2823.59
54,Hardware,17,1,6,8.2,11655.91,1.54,11476.41
55,Stationery,43,19,41,9.5,10159.62,8.86,9259.48
56,Electronics,59,16,54,1.2,2967.17,4.59,2830.98
57,Software,51,14,46,9.6,12517.57,5.65,11810.33
58,Furniture,54,21,60,5.5,5545.44,6.63,5177.78
59,Software,24,16,44,3.3,9807.9,6.79,9141.94
60,Furniture,25,5,60,1.2,1737.22,9.32,1575.31
61,Furniture,71,9,57,5.3,9245.72,9.97,8323.92
62,Software,52,26,31,8.0,6198.62,7.2,5752.32
63,Hardware,70,30,20,7.2,16465.39,2.87,15992.83
64,Furniture,88,28,24,1.0,1233.88,8.8,1125.3
65,Furniture,33,2,25,1.2,8430.28,0.49,8388.97
66,Software,49,18,36,4.3,9222.79,2.31,9009.74
67,Furniture,29,6,21,3.3,14527.62,8.97,13224.49
68,Furniture,63,9,30,2.7,11528.32,2.56,11233.2
69,Software,22,1,24,3.2,13377.53,2.21,13081.89
70,Software,26,9,44,8.1,15563.28,1.38,15348.51
71,Electronics,28,25,42,9.3,17257.84,8.59,15775.39
72,Hardware,85,16,30,4.3,6346.12,5.0,6028.81
73,Hardware,49,13,22,9.1,10806.65,6.75,10077.2
74,Furniture,71,9,28,3.6,16818.15,2.39,16416.2
75,Hardware,81,21,7,5.0,19790.08,7.58,18289.99
76,Furniture,84,13,35,2.6,17801.43,7.6,16448.52
77,Electronics,49,9,55,6.6,7492.2,3.13,7257.69
78,Software,20,11,28,9.8,3983.81,4.11,3820.08
79,Software,86,4,14,6.2,9838.91,2.1,9632.29
80,Software,92,2,56,3.9,14858.66,9.77,13406.97
81,Hardware,63,29,10,6.7,9902.12,6.46,9262.44
82,Electronics,61,6,16,1.7,9715.3,9.35,8806.92
83,Hardware,49,14,16,8.9,16780.79,3.03,16272.33
84,Hardware,71,4,54,5.3,7291.94,7.82,6721.71
85,Electronics,1,6,31,4.8,17209.91,7.66,15891.63
86,Electronics,96,19,42,6.1,8195.42,6.92,7628.3
87,Electronics,13,6,25,6.4,6631.84,9.66,5991.2
88,Electronics,94,2,13,1.2,9134.4,3.94,8774.5
89,Software,87,18,6,7.0,15272.69,1.31,15072.62
90,Stationery,51,13,44,2.8,2607.44,6.72,2432.22
91,Stationery,56,9,9,7.3,4008.74,7.29,3716.5
92,Electronics,83,23,45,8.3,19033.75,5.75,17939.31
93,Stationery,62,19,36,8.1,3592.28,2.07,3517.92
94,Stationery,32,13,56,5.7,11397.77,5.04,10823.32
95,Electronics,30,11,43,5.4,11628.36,3.12,11265.56
96,Stationery,29,1,20,1.9,9843.53,4.27,9423.21
97,Hardware,49,24,18,7.9,12930.43,6.45,12096.42
98,Furniture,45,30,58,3.1,4673.55,7.45,4325.37
99,Furniture,93,22,43,5.2,11097.98,2.32,10840.51
100,Electronics,30,7,57,3.2,7506.25,4.05,7202.25
101,Software,16,25,21,1.8,13267.18,2.69,12910.29
102,Electronics,40,21,4,6.5,2910.35,1.99,2852.43
103,Software,19,15,50,1.0,11460.46,7.83,10563.11
104,Furniture,18,1,33,7.6,3786.88,9.09,3442.65
105,Electronics,1,12,27,3.5,5645.0,3.7,5436.14
106,Hardware,78,26,7,0.5,4452.33,7.51,4117.96
107,Stationery,47,7,6,5.4,3738.47,8.97,3403.13
108,Software,66,15,15,0.9,16531.65,8.46,15133.07
109,Stationery,92,21,18,3.1,5785.58,1.83,5679.7
110,Stationery,94,19,32,7.2,18549.76,9.56,16776.4
111,Electronics,38,28,56,1.1,19401.54,3.77,18670.1
112,Stationery,51,29,11,8.5,11468.08,3.39,11079.31
113,Hardware,63,25,20,0.5,2945.72,0.62,2927.46
114,Stationery,4,1,24,2.8,7553.51,4.86,7186.41
115,Electronics,1,17,15,7.5,15974.87,1.09,15800.74
116,Hardware,8,17,48,3.5,7411.08,2.49,7226.54
117,Furniture,29,3,7,1.5,1831.64,3.17,1773.58
118,Stationery,55,12,21,3.9,11180.02,8.09,10275.56
119,Electronics,3,6,42,3.1,16917.9,8.75,15437.58
120,Furniture,32,26,26,8.5,15938.94,3.02,15457.58
121,Furniture,10,11,44,3.5,3584.95,8.59,3277.0
122,Software,74,3,56,8.0,13488.02,8.57,12332.1
123,Hardware,83,8,14,9.0,4488.03,7.65,4144.7
124,Stationery,34,14,57,4.6,4442.33,1.47,4377.03
125,Electronics,97,14,37,9.1,17494.03,6.9,16286.94
126,Software,87,10,58,4.1,5068.41,9.45,4589.45
127,Hardware,55,2,21,9.7,5338.62,6.83,4973.99
128,Software,92,14,18,1.3,113.0,3.32,109.25
129,Hardware,32,9,5,7.0,17426.31,5.01,16553.25
130,Hardware,50,3,3,5.2,15872.64,6.46,14847.27
131,Stationery,7,21,23,4.2,12583.85,5.11,11940.82
132,Hardware,93,26,26,6.5,15030.29,1.2,14849.93
133,Software,8,8,37,7.2,3125.77,3.12,3028.25
134,Hardware,65,16,24,0.5,9220.64,8.02,8481.14
135,Stationery,57,2,49,2.1,7089.27,8.61,6478.88
136,Stationery,67,6,19,7.3,1966.15,1.37,1939.21
137,Software,88,28,51,6.8,9774.0,9.52,8843.52
138,Furniture,87,21,25,9.7,18422.72,3.29,17816.61
139,Furniture,59,29,21,7.7,897.18,6.62,837.79
140,Hardware,72,26,12,9.5,5900.07,7.52,5456.38
141,Electronics,54,25,57,7.2,4230.06,8.12,3886.58
142,Hardware,67,12,41,3.3,4839.12,9.46,4381.34
143,Software,51,5,33,1.5,18177.85,3.13,17608.88
144,Software,97,2,50,7.9,9414.57,8.59,8605.86
145,Software,92,16,53,6.6,9379.36,1.32,9255.55
146,Software,8,5,4,1.0,15235.46,7.05,14161.36
147,Software,34,15,42,3.9,3174.39,7.42,2938.85
148,Stationery,35,12,57,9.6,9796.58,6.78,9132.37
149,Furniture,96,4,7,5.3,8656.71,2.52,8438.56
150,Software,88,15,22,4.6,11978.52,8.73,10932.8
151,Electronics,78,11,55,4.8,19991.2,1.69,19653.35
152,Electronics,32,16,33,2.5,15412.03,0.54,15328.81
153,Electronics,46,23,17,4.0,8017.53,7.17,7442.67
154,Electronics,16,6,24,4.0,16568.31,4.75,15781.32
155,Stationery,68,14,34,1.0,3497.1,8.49,3200.2
156,Electronics,37,18,28,7.8,706.23,3.83,679.18
157,Software,54,12,58,4.5,4168.52,1.68,4098.49
158,Hardware,85,27,43,8.3,6874.19,8.36,6299.51
159,Electronics,14,11,41,8.6,10260.56,5.49,9697.26
160,Stationery,95,13,39,2.5,12341.07,1.89,12107.82
161,Stationery,55,21,22,6.7,18221.05,7.2,16909.13
162,Electronics,48,23,49,5.0,10246.09,5.11,9722.51
163,Hardware,82,11,17,8.9,10075.39,6.04,9466.84
164,Electronics,7,23,34,2.5,1099.84,4.61,1049.14
165,Stationery,74,16,6,6.9,794.74,8.29,728.86
166,Furniture,7,15,46,6.3,11068.08,8.3,10149.43
167,Software,33,21,6,3.3,8819.75,7.09,8194.43
168,Stationery,23,28,34,1.8,16799.69,1.05,16623.29
169,Electronics,85,15,1,6.7,3297.52,8.39,3020.86
170,Software,19,25,10,7.5,596.94,6.71,556.89
171,Electronics,19,4,21,3.5,9035.87,6.97,8406.07
172,Electronics,36,11,5,6.6,4825.82,3.63,4650.64
173,Furniture,29,19,2,4.3,1087.33,8.79,991.75
174,Software,60,15,22,7.3,14519.51,7.25,13466.85
175,Software,82,4,48,2.4,2320.7,1.13,2294.48
176,Furniture,2,21,57,9.0,12205.56,4.08,11707.57
177,Stationery,1,13,2,3.2,5692.89,8.86,5188.5
178,Electronics,47,22,10,4.0,3552.57,0.47,3535.87
179,Hardware,69,19,34,1.1,7657.06,9.61,6921.22
180,Electronics,20,2,16,1.6,16048.77,6.79,14959.06
181,Electronics,11,14,48,5.4,7902.66,6.31,7404.0
182,Stationery,2,29,51,3.0,15040.32,2.71,14632.73
183,Electronics,67,4,39,8.4,2597.18,2.49,2532.51
184,Furniture,87,16,22,0.6,15478.15,9.42,14020.11
185,Furniture,12,21,12,4.1,4814.97,2.98,4671.48
186,Software,20,20,24,3.7,13580.12,7.76,12526.3
187,Hardware,5,14,47,0.7,11359.05,3.93,10912.64
188,Electronics,37,27,40,1.7,18589.98,1.39,18331.58
189,Electronics,38,29,38,4.4,7807.72,0.11,7799.13
190,Stationery,94,15,60,5.2,1416.69,5.44,1339.62
191,Furniture,9,28,59,4.3,481.19,9.76,434.23
192,Hardware,98,3,10,5.5,16554.49,3.69,15943.63
193,Software,53,8,35,6.2,10542.24,3.57,10165.88
194,Furniture,44,16,51,0.6,15527.36,3.44,14993.22
195,Software,99,10,49,4.9,4765.07,5.21,4516.81
196,Stationery,86,4,32,9.7,6967.17,4.41,6659.92
197,Stationery,24,30,7,5.4,699.07,8.8,637.55
198,Electronics,81,18,21,6.9,19233.7,5.06,18260.47
199,Hardware,74,2,20,3.5,13390.57,5.08,12710.33
200,Software,30,17,26,7.9,18670.78,1.38,18413.12
201,Furniture,59,13,4,7.8,5383.38,9.83,4854.19
202,Stationery,87,4,46,5.5,12268.13,2.5,11961.43
203,Electronics,96,26,52,9.8,13602.15,0.73,13502.85
204,Electronics,81,25,22,1.7,6419.24,6.63,5993.64
205,Software,81,30,15,0.7,16977.37,5.95,15967.22
206,Stationery,14,11,56,7.8,18948.51,4.15,18162.15
207,Hardware,9,7,40,8.2,17708.62,4.22,16961.32
208,Stationery,40,12,21,1.6,14807.43,7.85,13645.05
209,Software,66,10,15,3.0,5621.55,1.96,5511.37
210,Software,25,7,22,0.7,5704.16,8.2,5236.42
211,Stationery,73,13,52,3.3,19270.87,6.49,18020.19
212,Software,22,7,28,7.8,304.66,4.19,291.89
213,Stationery,4,24,14,5.4,14349.39,4.58,13692.19
214,Furniture,26,17,27,3.8,14154.3,2.57,13790.53
215,Stationery,58,10,41,4.0,12491.52,7.52,11552.16
216,Stationery,29,29,40,0.5,19803.17,5.13,18787.27
217,Software,98,10,58,3.3,6306.4,3.21,6103.96
218,Software,87,24,28,6.6,6865.44,5.96,6456.26
219,Electronics,37,4,26,9.8,1670.89,9.96,1504.47
220,Electronics,75,20,49,8.5,8911.68,4.35,8524.02
221,Furniture,70,4,2,0.7,5294.87,9.21,4807.21
222,Electronics,18,22,25,9.0,6933.4,3.45,6694.2
223,Stationery,85,7,56,7.9,16707.98,0.55,16616.09
224,Software,42,22,3,7.9,18716.14,2.04,18334.33
225,Electronics,100,1,8,4.9,3796.09,4.19,3637.03
226,Electronics,41,12,44,4.3,7512.93,2.2,7347.65
227,Furniture,38,24,33,3.4,18579.75,0.0,18579.75
228,Furniture,34,13,42,1.1,1329.99,9.15,1208.3
229,Stationery,17,10,52,2.7,1937.97,8.44,1774.41
230,Software,37,15,35,2.8,3339.54,7.42,3091.75
231,Furniture,25,27,6,5.1,11944.74,1.68,11744.07
232,Electronics,76,13,39,7.6,3094.4,1.2,3057.27
233,Software,87,23,52,5.0,19364.72,0.68,19233.04
234,Software,86,22,23,1.0,8989.62,7.24,8338.77
235,Electronics,85,22,25,9.6,10080.21,9.29,9143.76
236,Furniture,27,21,59,9.5,5008.51,4.31,4792.64
237,Electronics,57,22,50,8.0,9472.11,1.19,9359.39
238,Software,31,28,43,9.9,13272.08,5.12,12592.55
239,Hardware,6,9,19,5.7,15048.43,3.49,14523.24
240,Hardware,91,26,5,9.6,15101.97,3.75,14535.65
241,Stationery,40,9,51,1.2,11600.03,6.21,10879.67
242,Electronics,98,15,11,4.0,18096.76,7.19,16795.6
243,Electronics,12,10,56,2.6,16366.42,1.11,16184.75
244,Stationery,53,24,12,2.4,15165.26,0.36,15110.67
245,Stationery,71,26,10,1.8,1206.55,9.94,1086.62
246,Stationery,10,25,8,6.4,236.87,2.33,231.35
247,Software,45,29,24,7.9,4327.7,0.54,4304.33
248,Electronics,17,10,60,6.0,13304.12,1.9,13051.34
249,Software,26,8,28,1.9,8282.83,0.39,8250.53
250,Stationery,85,24,41,8.2,8107.88,3.92,7790.05
251,Electronics,92,16,36,6.5,17703.28,8.02,16283.48
252,Software,62,17,37,4.2,17921.7,3.41,17310.57
253,Software,46,26,21,6.9,18192.59,4.44,17384.84
254,Stationery,64,27,8,3.0,6346.17,6.76,5917.17
255,Electronics,2,5,55,3.8,13852.01,5.09,13146.94
256,Stationery,54,4,9,9.2,5505.5,8.61,5031.48
257,Electronics,65,18,47,3.3,3893.14,8.66,3555.99
258,Hardware,51,24,15,5.0,3774.19,0.1,3770.42
259,Furniture,53,19,48,9.0,6907.94,7.78,6370.5
260,Furniture,36,4,46,7.2,8656.16,4.61,8257.11
261,Furniture,26,28,40,1.1,16635.89,9.89,14990.6
262,Stationery,29,7,18,1.9,2485.83,4.83,2365.76
263,Hardware,21,10,42,0.6,14725.02,9.87,13271.66
264,Electronics,11,25,60,6.5,10675.95,7.55,9869.92
265,Software,40,18,20,4.8,5830.11,2.49,5684.94
266,Electronics,11,19,6,1.8,9907.11,5.38,9374.11
267,Software,36,4,12,9.6,6068.85,9.92,5466.82
268,Electronics,59,10,2,5.5,11962.03,8.58,10935.69
269,Hardware,39,1,7,2.8,8733.49,0.97,8648.78
270,Software,99,23,16,5.3,3371.67,7.06,3133.63
271,Stationery,54,18,3,7.0,2420.0,3.46,2336.27
272,Electronics,98,5,45,1.2,10979.24,0.07,10971.55
273,Electronics,55,15,3,3.1,18058.02,4.03,17330.28
274,Software,24,17,27,8.2,6944.76,2.35,6781.56
275,Stationery,22,3,50,4.9,14686.7,8.19,13483.86
276,Stationery,69,12,43,5.7,13207.36,3.37,12762.27
277,Hardware,56,2,40,4.6,18637.94,8.28,17094.72
278,Stationery,33,1,38,0.9,16437.52,0.01,16435.88
279,Stationery,36,23,33,2.1,11375.44,3.08,11025.08
280,Stationery,20,21,28,4.7,13174.91,2.41,12857.39
281,Furniture,83,17,1,2.5,17977.89,2.34,17557.21
282,Hardware,99,22,55,1.0,8050.42,0.68,7995.68
283,Electronics,81,16,8,8.5,6603.21,1.87,6479.73
284,Software,62,5,37,9.8,315.14,5.56,297.62
285,Electronics,98,15,32,8.0,16548.37,2.91,16066.81
286,Hardware,73,3,60,8.6,16039.52,4.17,15370.67
287,Software,26,28,48,2.8,2178.64,3.77,2096.51
288,Hardware,66,7,43,9.6,11579.46,8.76,10565.1
289,Stationery,73,11,37,2.4,9333.24,9.05,8488.58
290,Software,73,10,4,9.5,2462.31,4.93,2340.92
291,Stationery,40,9,30,10.0,19613.31,3.3,18966.07
292,Electronics,17,14,6,7.3,4372.45,1.07,4325.66
293,Electronics,1,13,46,9.8,1437.96,9.53,1300.92
294,Software,89,29,54,5.9,11937.46,0.6,11865.84
295,Software,61,25,19,3.0,14803.45,2.98,14362.31
296,Hardware,43,30,32,4.7,745.62,2.98,723.4
297,Hardware,42,25,9,6.1,13208.48,3.2,12785.81
298,Stationery,25,2,12,1.2,10692.61,1.64,10517.25
299,Software,39,3,11,6.4,2154.97,7.83,1986.24
300,Electronics,35,7,46,9.8,3533.23,1.22,3490.12
301,Hardware,3,21,55,2.3,11402.69,6.35,10678.62
302,Hardware,44,18,16,8.0,5997.52,1.24,5923.15
303,Electronics,51,3,1,9.1,18772.48,0.71,18639.2
304,Hardware,94,10,45,9.5,16392.93,9.09,14902.81
305,Stationery,98,22,55,9.6,19672.99,1.9,19299.2
306,Software,12,29,53,5.5,5267.45,8.21,4834.99
307,Electronics,19,7,21,9.8,19397.5,5.45,18340.34
308,Software,44,9,30,7.7,8681.55,0.78,8613.83
309,Hardware,59,17,13,2.0,7015.62,9.55,6345.63
310,Hardware,49,11,34,5.0,1101.96,2.47,1074.74
311,Electronics,61,7,4,7.3,1150.03,8.6,1051.13
312,Stationery,17,24,28,2.8,13871.02,1.69,13636.6
313,Furniture,74,28,38,6.6,9212.79,8.54,8426.02
314,Electronics,57,14,58,6.8,4607.78,0.13,4601.79
315,Furniture,55,19,31,2.0,12318.01,5.12,11687.33
316,Furniture,47,4,59,5.9,5131.88,7.69,4737.24
317,Stationery,12,26,55,7.8,11594.87,9.35,10510.75
318,Furniture,62,6,27,5.2,7248.25,9.09,6589.38
319,Furniture,80,10,5,0.6,16488.69,8.2,15136.62
320,Stationery,88,7,25,0.6,16431.85,8.88,14972.7
321,Furniture,83,13,3,3.9,9599.27,1.99,9408.24
322,Furniture,8,14,33,9.3,7081.3,2.84,6880.19
323,Furniture,95,4,4,2.7,7314.94,2.89,7103.54
324,Electronics,21,8,25,6.5,16133.72,3.77,15525.48
325,Electronics,81,5,20,2.6,6630.77,3.93,6370.18
326,Electronics,87,1,34,3.6,4260.28,5.45,4028.09
327,Stationery,80,4,26,8.6,1785.3,1.6,1756.74
328,Hardware,70,3,5,7.4,9387.19,6.91,8738.54
329,Furniture,72,9,35,1.4,9694.43,1.68,9531.56
330,Furniture,25,8,28,4.6,16834.08,3.1,16312.22
331,Stationery,82,1,29,0.8,4502.65,5.03,4276.17
332,Furniture,89,27,9,5.1,7681.73,7.96,7070.26
333,Electronics,12,6,52,6.8,16187.27,7.39,14991.03
334,Hardware,15,9,38,1.6,16490.11,6.46,15424.85
335,Software,59,7,50,3.2,7753.76,1.56,7632.8
336,Furniture,26,4,6,4.3,9236.57,5.47,8731.33
337,Electronics,26,13,19,9.2,6135.39,0.87,6082.01
338,Software,47,17,60,9.9,18657.84,3.77,17954.44
339,Hardware,32,28,44,0.9,2461.01,4.14,2359.12
340,Software,10,2,57,7.7,18681.61,0.4,18606.88
341,Electronics,16,28,11,4.0,13708.94,2.74,13333.32
342,Software,71,5,2,4.2,10678.29,9.56,9657.45
343,Stationery,17,12,47,7.7,749.92,9.54,678.38
344,Software,23,27,44,9.2,9564.36,3.52,9227.69
345,Furniture,26,21,44,9.5,8214.19,0.43,8178.87
346,Furniture,85,8,9,6.0,3308.25,1.79,3249.03
347,Stationery,86,6,21,3.9,13162.55,3.92,12646.58
348,Electronics,7,8,24,8.0,19425.9,9.48,17584.32
349,Furniture,14,18,34,2.9,11287.56,1.41,11128.41
350,Hardware,79,3,22,5.9,14323.59,7.64,13229.27
351,Furniture,7,22,3,3.9,1462.16,1.09,1446.22
352,Furniture,9,12,12,6.7,8411.57,9.81,7586.39
353,Electronics,48,29,28,2.8,2415.53,3.82,2323.26
354,Software,72,26,30,2.3,12294.64,7.75,11341.81
355,Furniture,59,3,26,9.2,18775.79,3.43,18131.78
356,Stationery,87,22,48,1.5,13269.38,6.28,12436.06
357,Software,93,6,21,5.3,1628.38,1.92,1597.12
358,Hardware,82,2,28,2.6,7157.86,1.46,7053.36
359,Electronics,95,23,56,0.9,11058.2,9.38,10020.94
360,Hardware,94,12,26,0.8,8123.83,9.18,7378.06
361,Software,39,2,33,2.2,16689.52,8.87,15209.16
362,Software,99,6,21,8.7,16311.95,6.25,15292.45
363,Software,18,17,35,3.2,12275.44,8.08,11283.58
364,Hardware,59,3,52,9.5,7531.81,0.69,7479.84
365,Software,17,2,34,6.0,5181.19,3.35,5007.62
366,Hardware,14,23,41,4.6,2206.9,3.14,2137.6
367,Software,31,30,51,6.0,7162.46,6.36,6706.93
368,Stationery,24,20,47,5.4,8322.13,3.56,8025.86
369,Software,99,8,18,7.7,13548.88,1.49,13347.0
370,Hardware,60,22,58,3.2,13197.38,5.96,12410.82
371,Furniture,45,12,11,3.9,1495.15,8.14,1373.44
372,Software,98,26,57,9.0,7965.66,3.82,7661.37
373,Furniture,3,4,23,9.5,3717.4,1.32,3668.33
374,Stationery,37,5,48,9.0,3220.57,1.97,3157.12
375,Electronics,43,13,22,4.5,16563.31,2.37,16170.76
376,Stationery,40,29,17,7.9,934.11,3.0,906.09
377,Software,90,15,5,5.0,8441.74,6.43,7898.94
378,Furniture,55,25,44,5.2,3447.25,6.01,3240.07
379,Furniture,87,23,11,2.4,17598.67,6.96,16373.8
380,Hardware,39,16,30,6.1,11185.11,3.63,10779.09
381,Furniture,15,10,15,2.3,4704.47,8.24,4316.82
382,Hardware,4,30,27,3.6,10098.3,2.04,9892.29
383,Electronics,93,30,35,8.6,14656.58,4.69,13969.19
384,Software,86,25,33,2.5,19166.55,8.01,17631.31
385,Hardware,25,23,20,1.2,4486.88,1.8,4406.12
386,Electronics,13,16,16,1.2,17735.02,1.1,17539.93
387,Furniture,82,12,34,9.4,18692.65,8.84,17040.22
388,Furniture,33,17,2,5.3,18336.77,3.43,17707.82
389,Electronics,16,16,35,4.4,12744.75,6.84,11873.01
390,Furniture,42,12,40,8.2,12633.43,0.25,12601.85
391,Electronics,66,8,56,8.4,8123.89,6.9,7563.34
392,Hardware,55,20,28,3.7,15072.72,3.16,14596.42
393,Hardware,99,3,47,7.1,10672.75,0.56,10612.98
394,Electronics,42,16,39,7.8,13581.02,6.1,12752.58
395,Hardware,34,30,6,6.7,8626.31,2.41,8418.42
396,Hardware,30,13,9,1.9,14656.78,3.87,14089.56
397,Hardware,13,23,20,8.8,16506.98,0.81,16373.27
398,Stationery,13,28,60,5.6,3014.08,1.47,2969.77
399,Software,18,19,1,3.2,16675.3,2.98,16178.38
400,Furniture,32,8,8,4.5,10851.9,0.9,10754.23
401,Stationery,96,22,55,0.9,16908.85,9.11,15368.45
402,Hardware,99,5,23,1.7,8682.9,0.06,8677.69
403,Electronics,39,20,3,7.8,7642.91,4.84,7272.99
404,Hardware,46,8,4,0.5,18309.71,1.23,18084.5
405,Software,29,24,58,4.5,5098.27,3.08,4941.24
406,Hardware,62,12,25,5.5,16899.83,9.26,15334.91
407,Electronics,93,1,47,1.0,9732.01,1.62,9574.35
408,Software,62,25,38,9.7,10330.5,9.66,9332.57
409,Hardware,57,30,15,2.6,6238.52,2.06,6110.01
410,Software,16,21,21,3.4,11503.54,7.42,10649.98
411,Furniture,56,20,35,3.4,6571.7,5.47,6212.23
412,Furniture,10,6,57,2.7,881.46,8.84,803.54
413,Hardware,30,22,53,0.5,5512.77,5.54,5207.36
414,Software,25,18,53,7.4,226.94,5.35,214.8
415,Electronics,84,8,46,9.7,19569.26,1.95,19187.66
416,Hardware,5,7,52,2.6,19318.37,1.66,18997.69
417,Furniture,65,1,14,6.8,7963.59,9.16,7234.13
418,Furniture,94,21,36,7.5,14594.58,3.28,14115.88
419,Hardware,49,16,12,8.6,6981.54,3.72,6721.83
420,Software,3,12,17,4.5,13454.75,7.6,12432.19
421,Furniture,45,6,39,3.4,16128.06,3.39,15581.32
422,Software,14,20,9,3.6,18940.45,9.52,17137.32
423,Furniture,30,2,35,7.3,8064.22,7.38,7469.08
424,Furniture,68,29,60,8.3,15687.63,5.97,14751.08
425,Stationery,18,14,13,2.2,5391.98,8.81,4916.95
426,Furniture,62,4,15,4.0,19807.61,0.5,19708.57
427,Electronics,37,1,18,9.1,612.82,2.57,597.07
428,Hardware,25,23,51,8.2,12110.22,4.65,11547.09
429,Hardware,48,18,33,9.9,13224.17,2.27,12923.98
430,Software,65,13,6,7.7,13792.11,7.44,12765.98
431,Furniture,53,2,59,4.2,2495.71,9.19,2266.35
432,Electronics,79,9,27,6.1,18776.74,4.24,17980.61
433,Software,73,21,23,6.8,3705.55,3.42,3578.82
434,Stationery,15,2,59,1.2,12492.79,9.62,11290.98
435,Software,49,27,27,5.7,4531.25,4.45,4329.61
436,Software,88,25,34,7.2,6213.61,4.89,5909.76
437,Furniture,68,9,56,2.1,10974.52,3.52,10588.22
438,Stationery,12,1,46,7.9,8402.15,9.1,7637.55
439,Software,59,11,38,6.0,3288.49,5.69,3101.37
440,Electronics,37,3,14,9.5,3501.63,7.62,3234.81
441,Electronics,61,20,36,0.9,8421.08,8.12,7737.29
442,Hardware,43,30,53,3.0,15169.93,3.42,14651.12
443,Stationery,70,23,8,6.2,17969.5,4.34,17189.62
444,Stationery,39,26,35,3.3,1774.14,8.48,1623.69
445,Hardware,56,4,19,7.3,7922.77,3.63,7635.17
446,Software,63,18,30,7.7,2094.89,7.94,1928.56
447,Stationery,46,23,14,1.5,430.19,9.41,389.71
448,Electronics,88,6,59,5.4,13268.2,6.23,12441.59
449,Electronics,11,3,20,5.3,12088.74,7.42,11191.76
450,Furniture,62,22,49,4.0,3344.08,8.05,3074.88
451,Stationery,77,11,25,9.4,4752.88,8.45,4351.26
452,Software,98,15,40,8.4,571.78,3.95,549.19
453,Hardware,25,22,24,7.1,16715.45,0.51,16630.2
454,Hardware,71,28,14,7.3,19496.34,4.02,18712.59
455,Software,52,5,26,4.9,2795.64,6.74,2607.21
456,Furniture,4,20,38,9.2,4706.36,4.5,4494.57
457,Hardware,59,10,23,7.1,17381.35,7.49,16079.49
458,Stationery,72,12,22,7.4,18536.63,3.57,17874.87
459,Furniture,20,15,48,8.7,8450.58,6.35,7913.97
460,Stationery,93,17,57,3.1,1107.39,1.86,1086.79
461,Electronics,63,10,19,8.2,883.9,7.49,817.7
462,Furniture,54,6,46,2.4,11521.6,5.46,10892.52
463,Hardware,74,18,51,3.8,7918.61,2.04,7757.07
464,Furniture,98,13,3,3.7,670.18,2.92,650.61
465,Furniture,57,3,42,9.8,11706.72,7.49,10829.89
466,Furniture,90,30,19,8.6,324.92,4.83,309.23
467,Furniture,41,24,9,7.2,15768.7,2.16,15428.1
468,Stationery,3,10,28,7.4,6198.01,9.67,5598.66
469,Electronics,6,30,20,5.8,901.13,7.15,836.7
470,Software,5,14,45,9.5,11808.21,9.57,10678.16
471,Furniture,5,6,7,5.2,8013.92,4.27,7671.73
472,Hardware,54,3,14,4.1,19478.63,4.75,18553.4
473,Furniture,47,16,9,2.0,10929.55,8.98,9948.08
474,Hardware,87,7,59,8.0,5577.26,5.25,5284.45
475,Stationery,49,20,60,7.5,14217.83,7.07,13212.63
476,Hardware,9,14,55,4.2,5502.69,2.52,5364.02
477,Software,99,9,57,0.7,18094.44,4.47,17285.62
478,Electronics,20,15,60,8.5,7556.97,1.23,7464.02
479,Hardware,61,21,19,0.6,11042.38,2.06,10814.91
480,Hardware,35,3,47,7.2,1106.4,0.01,1106.29
481,Electronics,50,2,52,9.7,8579.81,0.39,8546.35
482,Software,82,27,14,4.7,16664.03,9.77,15035.95
483,Furniture,62,2,56,2.7,16132.41,2.42,15742.01
484,Hardware,17,3,38,7.2,4563.94,6.63,4261.35
485,Electronics,88,18,53,8.3,4598.97,8.39,4213.12
486,Stationery,3,14,36,5.7,16364.38,5.51,15462.7
487,Electronics,32,20,40,9.7,18614.93,1.53,18330.12
488,Stationery,99,18,17,1.0,1997.68,7.28,1852.25
489,Software,13,10,30,5.3,9056.17,6.0,8512.8
490,Furniture,89,25,9,7.3,6815.34,7.31,6317.14
491,Electronics,73,2,33,8.7,17426.7,7.7,16084.84
492,Hardware,68,25,56,2.2,1762.15,9.75,1590.34
493,Software,14,29,52,8.1,4301.41,5.74,4054.51
494,Electronics,98,22,25,5.8,15074.12,3.42,14558.59
495,Hardware,11,1,14,4.3,1120.75,6.48,1048.13
496,Electronics,56,4,11,1.8,9901.45,0.68,9834.12
497,Stationery,67,14,53,8.7,8897.93,8.97,8099.79
498,Electronics,92,1,35,2.0,6754.58,1.19,6674.2
499,Electronics,29,14,41,3.4,7951.99,3.28,7691.16
500,Electronics,9,16,59,3.3,10645.82,8.16,9777.12
501,Software,67,22,14,8.8,3311.21,5.97,3113.53
502,Electronics,25,14,30,6.9,11482.72,3.94,11030.3
503,Hardware,98,29,41,8.1,16128.1,4.73,15365.24
504,Stationery,76,20,4,2.9,15227.2,8.55,13925.27
505,Stationery,42,3,59,6.4,3162.61,3.4,3055.08
506,Electronics,9,3,4,5.9,3070.06,8.7,2802.96
507,Software,79,9,28,8.4,5436.67,0.88,5388.83
508,Software,40,6,8,9.1,7285.39,7.77,6719.32
509,Hardware,25,25,2,0.6,8228.27,8.48,7530.51
510,Electronics,5,13,41,6.9,13625.97,1.82,13377.98
511,Stationery,11,21,46,1.0,1227.94,4.3,1175.14
512,Software,59,2,22,5.7,789.99,1.65,776.96
513,Electronics,98,8,41,3.2,7899.02,7.07,7340.56
514,Software,88,21,56,3.4,13973.56,5.35,13225.97
515,Software,79,2,55,3.9,3949.36,6.35,3698.58
516,Stationery,38,4,16,6.4,12865.94,1.96,12613.77
517,Furniture,72,25,29,3.7,5270.58,2.12,5158.84
518,Hardware,5,15,49,7.5,17733.11,0.41,17660.4
519,Hardware,48,4,48,4.3,17924.23,3.22,17347.07
520,Stationery,90,13,30,1.1,6016.02,5.6,5679.12
521,Software,18,28,12,7.9,4676.88,8.58,4275.6
522,Electronics,70,12,35,3.2,8284.95,6.67,7732.34
523,Software,37,28,11,4.6,4886.58,4.35,4674.01
524,Stationery,60,13,46,7.0,13480.44,9.53,12195.75
525,Hardware,48,14,50,3.7,16538.69,7.19,15349.56
526,Software,77,20,21,1.0,13494.53,9.3,12239.54
527,Hardware,28,18,21,4.1,16504.57,5.28,15633.13
528,Electronics,69,29,5,9.5,8000.14,2.59,7792.94
529,Hardware,77,28,48,6.6,3210.71,0.53,3193.69
530,Hardware,81,6,20,6.9,14785.22,7.26,13711.81
531,Furniture,40,29,37,6.5,7273.44,1.21,7185.43
532,Furniture,45,11,3,2.4,13458.29,3.03,13050.5
533,Furniture,96,30,44,4.5,5485.81,5.32,5193.96
534,Hardware,62,2,33,7.6,1716.47,5.64,1619.66
535,Stationery,93,28,53,1.5,19852.38,6.01,18659.25
536,Hardware,58,23,9,3.1,3208.41,1.66,3155.15
537,Stationery,67,19,9,3.1,19769.58,3.8,19018.34
538,Stationery,56,19,4,4.6,19547.87,6.17,18341.77
539,Furniture,40,5,35,9.8,15896.98,9.7,14354.97
540,Software,98,19,17,1.1,13222.52,7.28,12259.92
541,Electronics,40,2,34,5.4,11598.36,9.23,10527.83
542,Furniture,91,10,24,2.2,17335.42,7.62,16014.46
543,Furniture,77,25,32,9.7,5859.85,5.92,5512.95
544,Software,33,2,1,1.6,9406.86,1.92,9226.25
545,Electronics,6,30,8,4.3,12425.86,6.67,11597.06
546,Hardware,88,11,45,7.5,8282.69,6.23,7766.68
547,Hardware,19,18,23,7.2,8606.98,6.02,8088.84
548,Furniture,80,29,47,4.5,6672.66,4.9,6345.7
549,Electronics,40,24,40,3.8,11328.21,5.29,10728.95
550,Furniture,92,15,12,4.3,17026.43,3.34,16457.75
551,Stationery,97,9,54,3.0,4110.41,5.19,3897.08
552,Furniture,59,23,12,2.5,18695.22,1.98,18325.05
553,Furniture,59,19,46,5.1,13812.84,8.05,12700.91
554,Hardware,48,9,47,3.1,16483.14,1.86,16176.55
555,Hardware,41,3,15,3.2,11168.19,0.85,11073.26
556,Hardware,13,21,41,6.7,15612.38,4.36,14931.68
557,Stationery,45,9,19,9.7,422.39,6.58,394.6
558,Hardware,89,28,26,6.2,16385.77,4.38,15668.07
559,Electronics,53,30,52,1.2,898.76,2.77,873.86
560,Software,42,14,29,1.2,17809.28,5.58,16815.52
561,Electronics,100,19,22,9.5,19840.06,3.47,19151.61
562,Electronics,63,7,40,3.3,5951.94,9.33,5396.62
563,Hardware,27,16,21,1.4,4285.34,9.23,3889.8
564,Software,38,16,51,6.2,15330.73,5.02,14561.13
565,Software,60,28,38,6.4,5135.22,3.28,4966.78
566,Software,7,1,20,6.7,17324.69,7.37,16047.86
567,Stationery,5,4,57,3.0,2146.57,0.37,2138.63
568,Hardware,45,4,29,0.6,2606.51,4.75,2482.7
569,Software,58,7,51,9.7,19585.12,3.36,18927.06
570,Stationery,31,8,4,2.9,13509.39,9.21,12265.18
571,Furniture,23,17,55,6.9,16953.06,0.12,16932.72
572,Furniture,42,5,7,7.2,6554.15,5.53,6191.71
573,Stationery,10,7,28,6.3,13562.03,7.41,12557.08
574,Stationery,32,28,28,3.5,11925.41,4.85,11347.03
575,Hardware,53,20,4,3.1,12102.69,0.85,11999.82
576,Hardware,30,29,22,6.2,13682.4,9.72,12352.47
577,Furniture,39,20,12,8.7,11549.65,5.18,10951.38
578,Software,31,4,45,9.5,8638.34,6.14,8107.95
579,Furniture,82,28,3,1.5,5590.86,2.37,5458.36
580,Software,100,6,22,2.0,15394.77,4.83,14651.2
581,Software,2,7,44,9.5,4602.82,4.29,4405.36
582,Hardware,78,18,2,7.5,13877.85,0.75,13773.77
583,Electronics,77,5,24,8.9,4743.32,1.06,4693.04
584,Electronics,93,20,34,2.4,12544.07,8.37,11494.13
585,Stationery,12,30,27,6.1,14966.86,2.4,14607.66
586,Hardware,39,29,55,7.2,4452.41,1.95,4365.59
587,Software,66,3,41,7.0,1292.87,5.05,1227.58
588,Electronics,96,7,1,4.4,2706.38,7.69,2498.26
589,Software,13,27,8,0.6,12159.34,0.62,12083.95
590,Electronics,46,28,23,6.0,17003.98,5.77,16022.85
591,Electronics,27,22,38,2.9,995.44,1.19,983.59
592,Electronics,17,14,6,4.8,14709.61,0.36,14656.66
593,Hardware,95,7,22,9.6,6892.24,0.53,6855.71
594,Furniture,98,5,25,4.3,9622.71,8.34,8820.18
595,Software,60,29,18,8.5,18584.31,1.18,18365.02
596,Hardware,64,22,17,2.3,6706.23,0.45,6676.05
597,Hardware,88,5,12,6.9,9360.2,4.38,8950.22
598,Hardware,35,30,6,9.8,372.28,8.44,340.86
599,Hardware,70,23,26,1.5,1723.81,2.62,1678.65
600,Hardware,83,2,27,0.6,5245.97,4.22,5024.59
601,Stationery,30,30,8,4.6,654.26,0.4,651.64
602,Software,71,27,19,1.4,12664.37,4.49,12095.74
603,Hardware,74,21,60,7.6,8585.33,5.78,8089.1
604,Software,96,22,42,9.2,11008.09,5.71,10379.53
605,Stationery,98,6,1,4.6,3575.48,3.32,3456.77
606,Stationery,63,15,57,3.0,5989.05,3.16,5799.8
607,Software,28,21,29,4.6,13310.11,1.07,13167.69
608,Electronics,60,10,45,7.4,19309.52,3.67,18600.86
609,Furniture,79,23,49,0.6,1103.29,0.99,1092.37
610,Electronics,94,26,35,6.1,17818.65,7.67,16451.96
611,Electronics,37,24,40,6.3,11579.94,9.66,10461.32
612,Electronics,93,7,14,6.6,11322.0,9.7,10223.77
613,Hardware,22,5,35,2.8,10055.54,8.65,9185.74
614,Stationery,68,1,48,7.3,1480.94,6.01,1391.94
615,Electronics,20,13,45,1.4,1888.55,7.01,1756.16
616,Stationery,96,21,20,2.4,12058.15,2.85,11714.49
617,Software,100,26,56,8.8,6885.08,6.31,6450.63
618,Furniture,68,18,49,7.5,18353.63,4.56,17516.7
619,Software,91,13,13,0.6,8191.15,4.82,7796.34
620,Software,64,21,38,2.9,2951.3,7.58,2727.59
621,Hardware,17,21,49,2.5,14322.9,2.82,13918.99
622,Furniture,12,18,46,3.1,5937.73,3.18,5748.91
623,Software,22,5,49,2.9,10556.86,9.25,9580.35
624,Software,17,13,8,1.1,13986.87,0.56,13908.54
625,Furniture,10,4,43,4.9,18015.26,4.86,17139.72
626,Furniture,65,17,20,7.5,15864.6,9.13,14416.16
627,Software,22,3,60,6.3,13559.59,6.1,12732.46
628,Furniture,90,17,33,6.9,13624.7,5.46,12880.79
629,Software,82,28,26,1.3,18923.9,2.5,18450.8
630,Software,50,11,39,9.5,5986.9,3.43,5781.55
631,Hardware,14,21,21,8.5,122.13,8.52,111.72
632,Electronics,64,20,53,8.1,5511.9,5.59,5203.78
633,Software,47,23,49,8.3,4436.04,5.15,4207.58
634,Stationery,29,21,42,9.4,13270.51,1.0,13137.8
635,Electronics,76,26,43,5.7,12710.86,0.16,12690.52
636,Electronics,36,30,54,2.4,11909.88,9.64,10761.77
637,Electronics,99,4,41,6.4,423.24,3.77,407.28
638,Hardware,52,2,9,7.6,14602.68,6.03,13722.14
639,Software,76,20,24,7.5,6538.26,0.8,6485.95
640,Hardware,7,16,37,5.5,13334.61,6.83,12423.86
641,Software,29,28,49,1.2,11175.91,9.33,10133.2
642,Hardware,11,18,41,4.0,6920.35,5.76,6521.74
643,Hardware,33,8,17,9.2,2778.07,1.26,2743.07
644,Stationery,6,3,24,6.1,1978.94,5.82,1863.77
645,Hardware,79,9,21,5.6,16647.21,7.66,15372.03
646,Furniture,32,29,51,3.1,18376.11,4.06,17630.04
647,Stationery,51,20,59,4.0,13030.78,8.8,11884.07
648,Hardware,75,29,39,9.0,2158.34,6.49,2018.26
649,Electronics,58,6,55,6.8,8100.34,8.99,7372.12
650,Furniture,87,10,41,8.0,14605.89,6.24,13694.48
651,Furniture,26,21,39,4.8,15618.44,1.31,15413.84
652,Furniture,98,10,13,6.5,2452.55,3.1,2376.52
653,Stationery,46,13,11,2.9,100.61,2.02,98.58
654,Hardware,98,17,46,7.2,14271.53,9.09,12974.25
655,Hardware,29,9,19,4.6,7196.26,7.6,6649.34
656,Electronics,4,17,11,4.7,5164.18,6.76,4815.08
657,Electronics,81,24,13,6.7,356.66,3.01,345.92
658,Furniture,99,9,46,9.4,10851.96,1.84,10652.28
659,Electronics,13,9,45,1.1,17037.9,7.56,15749.83
660,Stationery,39,1,1,8.3,19156.87,4.74,18248.83
661,Hardware,15,2,40,3.3,11358.32,2.26,11101.62
662,Furniture,29,28,44,4.7,10337.78,6.17,9699.94
663,Electronics,29,16,19,0.7,1792.62,0.4,1785.45
664,Stationery,75,29,12,3.4,11022.57,3.26,10663.23
665,Stationery,32,1,8,5.3,7661.58,4.69,7302.25
666,Electronics,2,10,8,1.0,12181.99,1.48,12001.7
667,Hardware,47,18,53,5.2,7835.65,9.85,7063.84
668,Electronics,78,26,45,9.3,4881.95,2.09,4779.92
669,Furniture,84,28,12,1.5,1989.81,1.3,1963.94
670,Electronics,22,8,48,7.8,6366.88,2.04,6237.0
671,Stationery,75,21,33,4.4,2023.23,7.69,1867.64
672,Electronics,27,28,45,6.7,3620.25,4.26,3466.03
673,Hardware,67,11,26,3.0,19747.99,5.65,18632.23
674,Software,81,23,39,2.0,8937.66,0.21,8918.89
675,Electronics,56,2,28,2.0,10684.25,0.34,10647.92
676,Hardware,92,8,58,1.2,17485.01,4.46,16705.18
677,Hardware,93,27,5,2.3,19911.82,8.17,18285.02
678,Stationery,21,22,8,6.8,11696.02,8.85,10660.92
679,Hardware,47,8,25,8.9,16268.23,0.87,16126.7
680,Hardware,80,17,27,8.2,6606.13,5.38,6250.72
681,Hardware,59,15,46,7.0,6184.3,9.13,5619.67
682,Hardware,84,17,23,1.5,8113.8,3.88,7798.98
683,Furniture,6,28,30,3.2,13482.89,8.3,12363.81
684,Furniture,19,23,45,3.4,13675.61,1.34,13492.36
685,Stationery,57,24,47,2.9,6373.26,9.35,5777.36
686,Electronics,69,13,23,5.4,2750.88,7.51,2544.29
687,Hardware,3,19,49,5.6,12684.69,9.41,11491.06
688,Electronics,1,5,47,3.9,2653.68,6.77,2474.03
689,Electronics,58,12,20,3.9,11612.0,3.63,11190.48
690,Stationery,38,1,18,8.4,13899.1,9.38,12595.36
691,Hardware,15,23,18,8.0,14042.17,2.76,13654.61
692,Hardware,34,5,2,3.4,15094.1,3.32,14592.98
693,Software,61,8,4,9.2,17469.9,7.01,16245.26
694,Electronics,35,13,30,9.6,10049.18,7.65,9280.42
695,Electronics,64,8,33,3.6,14631.96,9.29,13272.65
696,Furniture,25,25,36,3.9,12421.54,2.05,12166.9
697,Software,24,23,18,5.3,3814.13,7.98,3509.76
698,Furniture,12,11,37,9.4,611.22,7.39,566.05
699,Furniture,18,1,19,8.8,5762.37,0.64,5725.49
700,Furniture,15,13,47,1.5,8916.37,3.87,8571.31
701,Stationery,80,19,28,4.2,12380.41,2.83,12030.04
702,Stationery,27,24,40,5.8,17014.19,3.04,16496.96
703,Furniture,72,3,20,5.3,4005.29,9.83,3611.57
704,Software,60,24,49,2.3,2598.44,6.43,2431.36
705,Electronics,46,17,33,8.7,19273.25,7.18,17889.43
706,Software,89,5,12,6.9,2250.09,9.77,2030.26
707,Hardware,17,20,58,8.5,9621.97,3.77,9259.22
708,Stationery,93,21,51,8.7,11752.72,8.02,10810.15
709,Electronics,53,8,15,7.6,10873.35,4.35,10400.36
710,Electronics,8,26,41,4.7,1812.04,8.7,1654.39
711,Hardware,79,14,39,6.3,1234.84,1.81,1212.49
712,Hardware,27,4,2,2.0,2199.12,9.48,1990.64
713,Furniture,46,11,29,6.9,11753.19,2.19,11495.8
714,Stationery,50,20,41,2.2,10932.46,3.26,10576.06
715,Stationery,71,15,10,7.1,4751.44,7.56,4392.23
716,Software,3,19,2,2.7,12791.71,3.94,12287.72
717,Furniture,93,7,51,1.6,16419.34,6.08,15421.04
718,Furniture,64,19,11,2.1,927.42,4.45,886.15
719,Furniture,44,28,13,0.5,10012.79,7.42,9269.84
720,Furniture,53,19,10,7.3,13817.28,2.28,13502.25
721,Stationery,24,11,14,7.5,5121.01,0.58,5091.31
722,Stationery,60,26,18,5.4,6224.64,3.0,6037.9
723,Furniture,3,5,51,2.0,12311.39,4.74,11727.83
724,Software,20,5,54,1.3,17968.91,1.68,17667.03
725,Electronics,46,30,9,0.7,16217.5,3.55,15641.78
726,Electronics,15,22,57,2.1,11704.29,4.0,11236.12
727,Software,25,8,39,9.0,14631.41,0.57,14548.01
728,Furniture,94,10,28,2.8,7359.97,5.83,6930.88
729,Stationery,78,6,3,3.9,12855.21,8.84,11718.81
730,Electronics,71,15,20,1.5,9377.01,1.52,9234.48
731,Hardware,17,16,6,2.6,3879.73,5.98,3647.72
732,Hardware,84,28,27,5.4,14064.59,6.65,13129.29
733,Software,100,17,53,6.3,11173.65,4.19,10705.47
734,Furniture,9,8,2,2.8,7236.57,7.01,6729.29
735,Electronics,38,8,29,1.0,18235.65,4.11,17486.16
736,Furniture,48,25,38,4.2,516.59,5.05,490.5
737,Electronics,60,9,3,2.7,6383.89,0.07,6379.42
738,Software,63,2,16,2.6,1231.94,6.92,1146.69
739,Software,86,15,30,9.6,15353.89,6.61,14339.0
740,Hardware,2,18,40,6.4,14071.94,0.38,14018.47
741,Furniture,88,3,2,5.8,6693.91,3.68,6447.57
742,Hardware,72,17,17,4.4,13545.69,9.79,12219.57
743,Furniture,11,4,41,4.6,7979.15,4.21,7643.23
744,Hardware,64,30,12,5.6,15149.45,5.02,14388.95
745,Stationery,77,4,35,7.1,9138.25,9.1,8306.67
746,Stationery,81,14,43,7.2,8304.37,7.17,7708.95
747,Stationery,72,9,1,2.1,18701.13,5.82,17612.72
748,Stationery,21,9,55,5.3,5092.49,7.98,4686.11
749,Electronics,18,25,45,4.4,2496.9,8.64,2281.17
750,Stationery,94,26,15,8.8,11732.41,4.57,11196.24
751,Software,64,23,26,6.5,19389.5,4.75,18468.5
752,Software,82,30,37,5.6,7619.0,3.86,7324.91
753,Electronics,95,18,21,1.6,1334.53,9.67,1205.48
754,Stationery,38,10,49,6.3,6852.17,6.97,6374.57
755,Stationery,32,21,31,1.6,10168.04,0.83,10083.65
756,Stationery,11,4,25,3.7,3322.27,8.63,3035.56
757,Hardware,45,12,23,1.9,13196.23,4.81,12561.49
758,Furniture,89,27,24,7.1,19955.21,0.69,19817.52
759,Hardware,33,8,57,2.5,9089.62,5.5,8589.69
760,Furniture,41,2,38,4.2,7159.1,4.17,6860.57
761,Stationery,8,22,28,9.0,8074.01,8.78,7365.11
762,Stationery,11,13,21,2.4,2391.41,2.04,2342.63
763,Hardware,86,21,54,5.3,17677.14,8.26,16217.01
764,Hardware,51,16,43,4.5,8355.03,5.58,7888.82
765,Furniture,88,28,18,0.7,7806.76,0.55,7763.82
766,Software,41,2,36,8.0,13227.84,9.72,11942.09
767,Furniture,17,11,35,1.2,8896.47,5.13,8440.08
768,Hardware,76,10,45,5.0,12999.85,2.91,12621.55
769,Hardware,46,15,55,5.8,1322.78,4.69,1260.74
770,Electronics,32,17,9,6.5,16293.09,8.58,14895.14
771,Hardware,79,8,53,7.0,18816.03,3.05,18242.14
772,Electronics,80,18,38,2.9,13010.43,1.93,12759.33
773,Software,54,23,58,0.6,19095.86,1.29,18849.52
774,Furniture,86,9,30,7.4,3113.5,2.98,3020.72
775,Furniture,92,25,60,5.6,9600.58,7.8,8851.73
776,Electronics,20,8,44,8.4,12075.95,4.72,11505.97
777,Furniture,33,27,34,8.3,11676.56,2.27,11411.5
778,Hardware,74,14,32,8.5,8089.09,1.66,7954.81
779,Stationery,40,28,3,5.1,6827.88,3.33,6600.51
780,Electronics,32,26,3,3.7,2623.8,9.4,2377.16
781,Furniture,97,25,28,8.0,7895.67,3.43,7624.85
782,Electronics,2,18,44,4.8,3336.95,9.88,3007.26
783,Electronics,97,22,15,2.2,14713.88,4.85,14000.26
784,Stationery,33,20,41,8.6,4255.74,1.79,4179.56
785,Hardware,77,30,23,8.9,1265.45,8.91,1152.7
786,Electronics,30,20,40,4.9,11092.09,4.6,10581.85
787,Furniture,33,21,11,1.2,11945.07,7.1,11096.97
788,Software,77,12,48,4.2,17451.07,9.84,15733.88
789,Electronics,26,19,32,8.1,11581.93,0.5,11524.02
790,Electronics,22,14,58,9.1,6975.07,0.97,6907.41
791,Stationery,66,17,59,2.4,16079.94,7.2,14922.18
792,Hardware,38,24,57,1.1,10851.55,2.82,10545.54
793,Software,90,21,54,8.8,1677.68,1.84,1646.81
794,Furniture,46,3,36,4.2,11360.43,0.39,11316.12
795,Software,15,26,60,5.6,18169.57,0.22,18129.6
796,Furniture,98,30,33,9.7,7986.62,7.74,7368.46
797,Hardware,44,23,24,1.1,5996.88,1.34,5916.52
798,Furniture,49,7,39,6.7,2955.04,4.68,2816.74
799,Stationery,75,17,34,1.2,3113.77,6.06,2925.08
800,Stationery,61,12,56,4.1,8712.15,4.28,8339.27
801,Stationery,67,9,28,8.1,11954.03,0.27,11921.75
802,Stationery,6,15,37,4.6,1704.25,7.84,1570.64
803,Software,9,18,7,10.0,18797.41,0.11,18776.73
804,Hardware,6,21,4,5.8,15127.16,7.62,13974.47
805,Furniture,73,13,37,3.6,11773.82,8.93,10722.42
806,Furniture,95,30,56,2.6,16585.93,4.33,15867.76
807,Stationery,32,21,1,3.8,1695.72,5.36,1604.83
808,Stationery,41,30,1,4.0,9589.09,4.77,9131.69
809,Electronics,76,8,47,1.2,12638.85,3.89,12147.2
810,Hardware,8,14,20,4.0,16590.19,8.87,15118.64
811,Software,72,8,19,4.9,15691.04,8.94,14288.26
812,Furniture,50,14,29,7.4,5613.68,3.36,5425.06
813,Electronics,92,7,10,6.7,18823.52,6.15,17665.87
814,Electronics,62,23,60,7.2,2574.48,9.27,2335.83
815,Furniture,84,12,18,0.6,17515.16,9.62,15830.2
816,Software,62,11,28,2.6,19421.71,5.09,18433.14
817,Electronics,7,22,35,6.8,3625.36,4.53,3461.13
818,Electronics,75,22,43,5.1,14469.11,2.79,14065.42
819,Hardware,84,11,47,0.6,901.68,9.59,815.21
820,Software,80,25,31,8.1,8167.91,1.43,8051.11
821,Electronics,4,22,27,7.8,10374.04,5.8,9772.35
822,Software,6,28,11,5.7,11654.84,2.83,11325.01
823,Furniture,58,29,49,1.1,18725.15,2.79,18202.72
824,Stationery,22,13,49,7.8,13477.79,4.05,12931.94
825,Electronics,26,18,38,6.0,9677.43,9.99,8710.65
826,Hardware,3,2,5,7.9,16212.53,0.55,16123.36
827,Furniture,41,29,8,7.6,19015.6,5.79,17914.6
828,Software,60,21,34,8.1,539.12,0.83,534.65
829,Furniture,14,15,48,5.4,19652.17,1.55,19347.56
830,Electronics,75,20,52,1.8,1814.03,4.4,1734.21
831,Software,82,27,56,6.9,16306.3,5.1,15474.68
832,Stationery,12,18,12,6.4,5678.66,2.59,5531.58
833,Furniture,87,15,38,7.6,2730.38,3.16,2644.1
834,Electronics,12,19,1,2.1,8853.13,0.87,8776.11
835,Hardware,13,23,31,2.4,12914.74,3.03,12523.42
836,Software,25,24,4,9.0,7680.94,9.67,6938.19
837,Furniture,45,12,49,7.6,1185.85,9.45,1073.79
838,Furniture,19,13,45,9.1,12029.28,3.35,11626.3
839,Stationery,55,22,50,7.7,18057.83,5.71,17026.73
840,Stationery,100,11,5,6.2,7725.99,9.1,7022.92
841,Hardware,45,5,30,6.7,4405.02,0.06,4402.38
842,Hardware,8,29,56,8.9,8907.29,8.11,8184.91
843,Electronics,93,1,24,6.0,1062.42,9.48,961.7
844,Electronics,53,24,59,6.5,16427.7,0.91,16278.21
845,Hardware,55,3,3,2.0,16544.18,1.61,16277.82
846,Hardware,32,22,11,5.0,11801.21,9.61,10667.11
847,Software,51,19,45,7.3,7126.75,5.38,6743.33
848,Stationery,44,23,4,3.1,16015.69,0.14,15993.27
849,Electronics,82,29,26,2.4,11138.27,2.58,10850.9
850,Stationery,70,30,27,3.5,16536.05,4.5,15791.93
851,Stationery,18,7,46,2.8,12666.03,6.93,11788.27
852,Hardware,83,12,54,2.5,15709.67,7.33,14558.15
853,Software,22,15,43,4.5,12011.4,9.95,10816.27
854,Furniture,37,25,27,9.1,8341.41,2.88,8101.18
855,Software,96,5,42,5.3,19163.12,5.38,18132.14
856,Software,56,15,51,2.3,10868.17,5.33,10288.9
857,Stationery,59,8,50,1.2,12141.28,4.06,11648.34
858,Software,3,10,6,7.1,4487.7,1.69,4411.86
859,Electronics,28,26,59,4.1,12550.45,9.77,11324.27
860,Stationery,74,16,15,8.3,11474.99,8.53,10496.17
861,Electronics,35,8,53,6.8,3778.28,4.98,3590.12
862,Furniture,61,1,30,8.1,1285.78,6.03,1208.25
863,Stationery,93,12,42,3.1,12126.75,2.27,11851.47
864,Furniture,54,5,37,7.1,15297.48,5.44,14465.3
865,Stationery,63,3,58,3.0,10515.69,6.95,9784.85
866,Hardware,79,1,37,9.4,4612.78,5.15,4375.22
867,Software,97,4,42,6.5,13363.79,9.9,12040.77
868,Hardware,7,8,60,3.6,1694.1,6.11,1590.59
869,Furniture,76,3,37,3.1,8892.49,3.71,8562.58
870,Software,49,10,35,2.3,3351.0,7.72,3092.3
871,Stationery,94,2,23,7.1,3770.74,1.7,3706.64
872,Software,85,11,6,2.6,4125.65,3.85,3966.81
873,Electronics,31,25,4,6.2,7795.47,3.47,7524.97
874,Software,58,10,18,3.0,1117.89,4.32,1069.6
875,Electronics,61,21,60,6.8,8016.09,7.82,7389.23
876,Software,24,14,9,8.2,10282.98,4.84,9785.28
877,Electronics,20,7,49,7.9,9717.56,7.94,8945.99
878,Furniture,37,27,29,7.7,7717.4,5.76,7272.88
879,Hardware,4,27,13,2.3,16799.02,3.42,16224.49
880,Stationery,92,2,59,1.3,2992.0,8.1,2749.65
881,Software,20,9,47,7.1,10163.37,2.38,9921.48
882,Hardware,60,16,52,4.0,1334.62,2.24,1304.72
883,Stationery,24,13,17,4.6,1516.0,5.05,1439.44
884,Stationery,50,9,45,0.8,11519.93,2.61,11219.26
885,Electronics,49,20,32,3.0,11363.77,0.09,11353.54
886,Furniture,51,4,48,0.8,17572.87,6.48,16434.15
887,Furniture,96,22,22,8.9,11201.69,5.11,10629.28
888,Hardware,36,10,4,2.8,19199.84,4.46,18343.53
889,Furniture,98,26,5,5.8,1069.03,9.67,965.65
890,Software,100,26,37,0.9,2050.35,5.71,1933.28
891,Furniture,66,22,41,6.8,976.91,8.63,892.6
892,Hardware,79,12,49,3.6,3787.01,1.39,3734.37
893,Furniture,34,17,13,9.0,10871.28,5.69,10252.7
894,Software,36,14,34,8.9,12946.89,8.68,11823.1
895,Electronics,6,14,45,3.6,1007.14,5.83,948.42
896,Hardware,39,25,22,9.1,18924.82,7.18,17566.02
897,Electronics,42,2,53,10.0,16859.09,3.72,16231.93
898,Electronics,58,21,59,8.3,6002.59,0.92,5947.37
899,Electronics,12,25,23,8.5,1636.03,4.58,1561.1
900,Stationery,3,20,51,2.9,3480.75,3.94,3343.61
901,Stationery,18,11,3,6.0,2626.19,8.67,2398.5
902,Electronics,40,16,42,1.1,2553.35,2.44,2491.05
903,Hardware,21,19,34,1.4,10419.38,9.67,9411.83
904,Software,15,23,32,10.0,4992.36,9.58,4514.09
905,Software,97,6,45,3.6,7226.98,2.48,7047.75
906,Furniture,99,24,51,7.6,19791.16,3.48,19102.43
907,Hardware,26,19,58,8.2,13717.85,8.96,12488.73
908,Stationery,8,5,49,8.7,18984.72,9.67,17148.9
909,Electronics,100,26,21,10.0,2936.88,4.43,2806.78
910,Furniture,94,4,46,2.8,7704.58,3.21,7457.26
911,Software,87,15,44,0.9,11139.16,5.26,10553.24
912,Stationery,42,29,21,4.4,1627.49,6.88,1515.52
913,Stationery,44,4,44,1.7,183.33,2.73,178.33
914,Electronics,14,20,11,0.7,13441.64,7.36,12452.34
915,Software,78,10,39,3.9,12872.21,0.52,12805.27
916,Hardware,2,24,4,7.9,8274.7,0.49,8234.15
917,Stationery,37,22,51,5.9,9843.92,3.86,9463.94
918,Electronics,69,3,1,3.5,8367.32,3.53,8071.95
919,Hardware,38,26,28,6.7,577.7,3.16,559.44
920,Software,41,5,24,2.7,6773.89,4.91,6441.29
921,Stationery,62,6,35,0.6,3623.94,3.21,3507.61
922,Hardware,60,21,13,7.8,2058.64,1.92,2019.11
923,Hardware,14,22,47,6.4,19138.74,3.09,18547.35
924,Hardware,89,8,34,7.7,12027.26,9.75,10854.6
925,Stationery,84,7,11,0.9,14600.26,4.11,14000.19
926,Stationery,2,21,36,8.5,6375.74,4.45,6092.02
927,Furniture,70,10,51,6.4,7923.63,5.77,7466.44
928,Software,17,6,17,5.9,4814.79,9.83,4341.5
929,Electronics,89,14,35,6.4,2029.62,2.42,1980.5
930,Hardware,28,4,60,8.7,3662.73,6.81,3413.3
931,Furniture,66,28,18,6.1,15970.53,7.16,14827.04
932,Electronics,35,25,40,6.0,13583.16,6.07,12758.66
933,Furniture,5,13,22,9.9,10983.88,0.89,10886.12
934,Stationery,65,20,57,7.7,9554.29,6.77,8907.46
935,Hardware,40,17,24,4.7,18456.44,0.64,18338.32
936,Electronics,76,23,58,7.2,1547.43,5.96,1455.2
937,Electronics,56,7,19,4.2,5683.96,7.4,5263.35
938,Electronics,36,4,37,2.7,7063.76,2.11,6914.71
939,Electronics,45,29,39,6.2,15670.27,8.42,14350.83
940,Electronics,23,14,21,9.3,19851.04,0.3,19791.49
941,Furniture,47,3,8,9.3,4889.34,8.44,4476.68
942,Hardware,31,24,28,3.7,17498.72,4.6,16693.78
943,Stationery,11,5,5,5.5,16629.39,2.18,16266.87
944,Stationery,10,16,17,2.5,4570.68,1.34,4509.43
945,Stationery,67,26,37,10.0,8046.72,9.53,7279.87
946,Stationery,14,23,36,9.8,8252.49,0.73,8192.25
947,Furniture,80,20,54,6.7,19566.59,1.99,19177.21
948,Software,74,4,19,8.1,3699.75,3.48,3571.0
949,Hardware,93,24,27,7.3,16003.24,6.2,15011.04
950,Electronics,10,30,53,6.1,6750.44,5.45,6382.54
951,Software,76,24,34,1.0,14644.32,1.26,14459.8
952,Stationery,94,2,11,4.8,8458.22,2.9,8212.93
953,Software,1,30,54,6.9,11609.36,2.39,11331.9
954,Hardware,5,18,45,6.9,16668.97,2.14,16312.25
955,Electronics,20,19,47,4.0,16102.89,4.11,15441.06
956,Electronics,8,28,12,9.4,17341.82,7.04,16120.96
957,Hardware,43,28,54,2.1,1286.38,2.17,1258.47
958,Hardware,76,19,21,5.3,13871.81,3.67,13362.71
959,Stationery,1,17,54,7.1,2885.75,3.91,2772.92
960,Electronics,57,14,11,7.1,8374.79,9.76,7557.41
961,Software,64,19,39,6.7,11016.91,9.55,9964.8
962,Furniture,84,22,28,3.1,8114.52,8.0,7465.36
963,Furniture,28,24,5,2.0,10440.27,2.42,10187.62
964,Hardware,37,13,17,6.5,19930.87,0.68,19795.34
965,Stationery,47,12,56,6.2,2790.82,3.17,2702.35
966,Furniture,76,30,20,2.2,13541.58,2.67,13180.02
967,Electronics,37,26,41,7.2,7980.42,5.06,7576.61
968,Hardware,49,6,46,4.8,2746.89,7.78,2533.18
969,Software,44,21,58,6.8,3258.86,8.58,2979.25
970,Hardware,56,4,12,8.5,18990.53,8.45,17385.83
971,Software,28,19,6,2.1,17604.07,3.6,16970.32
972,Hardware,79,16,17,0.7,18150.14,6.87,16903.23
973,Hardware,6,13,51,7.9,19831.5,3.13,19210.77
974,Hardware,61,4,19,6.3,4245.48,0.61,4219.58
975,Software,20,30,26,7.1,7173.24,7.02,6669.68
976,Software,78,23,48,8.5,13417.46,0.1,13404.04
977,Hardware,2,17,44,8.1,9727.67,4.09,9329.81
978,Furniture,73,23,44,9.6,8425.95,3.29,8148.74
979,Stationery,37,1,52,5.6,7220.44,6.93,6720.06
980,Stationery,20,18,32,5.1,11916.23,7.66,11003.45
981,Stationery,26,20,6,4.3,11554.31,3.04,11203.06
982,Software,29,17,55,2.0,3313.01,8.12,3043.99
983,Software,1,27,58,5.9,9487.62,2.94,9208.68
984,Furniture,35,28,36,3.1,11114.09,4.46,10618.4
985,Stationery,70,27,38,9.3,11448.71,7.27,10616.39
986,Stationery,59,15,11,6.0,4281.13,6.93,3984.45
987,Hardware,69,11,33,6.1,14871.2,9.87,13403.41
988,Software,33,25,24,3.9,601.46,2.25,587.93
989,Stationery,51,28,23,1.0,7161.15,6.62,6687.08
990,Furniture,78,22,15,0.8,15626.23,6.1,14673.03
991,Furniture,12,13,27,4.5,11321.47,9.15,10285.56
992,Stationery,20,1,11,1.3,5297.13,1.56,5214.49
993,Software,53,17,57,6.3,13929.57,7.52,12882.07
994,Furniture,88,6,51,8.9,11391.08,5.68,10744.07
995,Hardware,43,4,50,8.9,15945.25,2.75,15506.76
996,Furniture,98,20,17,6.8,14727.0,4.74,14028.94
997,Electronics,89,16,51,2.5,12241.15,3.34,11832.3
998,Electronics,50,15,53,8.7,9814.74,5.79,9246.47
999,Software,29,27,14,8.9,2750.32,8.89,2505.82
1000,Stationery,57,15,27,2.4,5300.53,5.69,4998.93
